method,scenario,trial_index,D_HT_HARMONIC_pct,D_HT_ACC_pct,D_E_ACC_pct,adaptation_rate,alpha1,alpha2,alpha3,density_factor,ewc_gamma,ewc_lambda,lr,lwf_lambda,momentum_decay,nispa_prune_perc,nispa_recovery_perc,rewire_fraction,si_c,si_xi,tau_r,temperature,wsn_density,config_json
joint,class_il,9,84.85771265147447,82.43333333333334,81.95555555555555,,,,,,,,0.0007367011831291912,,,,,,,,,,,"{""lr"": 0.0007367011831291912}"
sgd,class_il,9,26.572608150997418,19.166666666666668,18.977777777777778,,,,,,,,0.0007367011831291912,,,,,,,,,,,"{""lr"": 0.0007367011831291912}"
ewc,class_il,23,26.530620706611273,19.155555555555555,18.92222222222222,,,,,,0.9701492021304424,1.7485486104130827,0.002129631249889069,,,,,,,,,,,"{""ewc_gamma"": 0.9701492021304424, ""ewc_lambda"": 1.7485486104130827, ""lr"": 0.002129631249889069}"
si,class_il,27,26.270605403376834,18.966666666666665,18.866666666666667,,,,,,,,0.0001714713586392157,,,,,,0.015026687611536972,0.0034392676676555023,,,,"{""lr"": 0.0001714713586392157, ""si_c"": 0.015026687611536972, ""si_xi"": 0.0034392676676555023}"
lwf,class_il,23,26.519025569773852,19.166666666666668,19.016666666666666,,,,,,,,0.0014447423667549276,0.8173548850613211,,,,,,,,1.0,,"{""lr"": 0.0014447423667549276, ""lwf_lambda"": 0.8173548850613211, ""temperature"": 1.0}"
pec,class_il,11,48.270270046152625,41.81111111111111,45.94444444444445,,,,,,,,0.00015185392674426984,,,,,,,,,,,"{""lr"": 0.00015185392674426984}"
spacenet,class_il,14,22.986053109345413,16.511111111111113,17.36111111111111,,,,,1.0,,,0.0018959502528324618,,,,,0.1,,,,,,"{""density_factor"": 1.0, ""lr"": 0.0018959502528324618, ""rewire_fraction"": 0.1}"
nispa,class_il,3,25.490581958314134,18.288888888888888,18.38888888888889,,,,,,,,0.0007367011831291912,,,71.74638558936547,1.3628520533754602,,,,,,,"{""lr"": 0.0007367011831291912, ""nispa_prune_perc"": 71.74638558936547, ""nispa_recovery_perc"": 1.3628520533754602}"
uniclun,class_il,27,49.1645177973687,39.93333333333333,40.74444444444445,,1.3573206218773253,8.057417195542707,2.4042925696715103,,,,0.0005476551118890167,,,,,,,,,,,"{""alpha1"": 1.3573206218773253, ""alpha2"": 8.057417195542707, ""alpha3"": 2.4042925696715103, ""lr"": 0.0005476551118890167}"
lwu,class_il,18,26.455740343289246,19.033333333333335,19.105555555555558,0.001,,,,,,,0.0007900751110328372,,0.9,,,,,,0.0003,,,"{""adaptation_rate"": 0.001, ""lr"": 0.0007900751110328372, ""momentum_decay"": 0.9, ""tau_r"": 0.0003}"
joint,task_il,7,95.05339279661479,95.23333333333333,93.37777777777778,,,,,,,,0.0010348358517483782,,,,,,,,,,,"{""lr"": 0.0010348358517483782}"
sgd,task_il,10,78.30421625115959,75.43333333333334,76.14444444444445,,,,,,,,0.00013794655119657423,,,,,,,,,,,"{""lr"": 0.00013794655119657423}"
ewc,task_il,4,86.88152559352508,85.99999999999999,86.12222222222222,,,,,,0.9123801961149646,2029.5908612109317,0.0007063799737854452,,,,,,,,,,,"{""ewc_gamma"": 0.9123801961149646, ""ewc_lambda"": 2029.5908612109317, ""lr"": 0.0007063799737854452}"
si,task_il,2,83.23667688300127,81.8,85.63888888888889,,,,,,,,0.00013061644205180118,,,,,,0.3328949443182002,0.00011884784652203496,,,,"{""lr"": 0.00013061644205180118, ""si_c"": 0.3328949443182002, ""si_xi"": 0.00011884784652203496}"
lwf,task_il,11,92.85661133153118,92.24444444444445,91.35,,,,,,,,0.0014561305960918238,1.8959502528324623,,,,,,,,3.0,,"{""lr"": 0.0014561305960918238, ""lwf_lambda"": 1.8959502528324623, ""temperature"": 3.0}"
wsn,task_il,25,94.53270570179141,94.45555555555555,93.49444444444445,,,,,,,,0.0011230342659337316,,,,,,,,,,0.5,"{""lr"": 0.0011230342659337316, ""wsn_density"": 0.5}"
spacenet,task_il,8,81.73535198424823,81.83333333333333,83.94444444444444,,,,,0.5,,,0.0014655269490071565,,,,,0.3,,,,,,"{""density_factor"": 0.5, ""lr"": 0.0014655269490071565, ""rewire_fraction"": 0.3}"
nispa,task_il,3,92.70197476553,92.36666666666667,91.38888888888889,,,,,,,,0.0007367011831291912,,,71.74638558936547,1.3628520533754602,,,,,,,"{""lr"": 0.0007367011831291912, ""nispa_prune_perc"": 71.74638558936547, ""nispa_recovery_perc"": 1.3628520533754602}"
uniclun,task_il,26,90.42653235125864,88.65555555555555,85.72777777777777,,0.33534608350547745,0.10190305562141058,0.6884826529968275,,,,0.0015074642012789278,,,,,,,,,,,"{""alpha1"": 0.33534608350547745, ""alpha2"": 0.10190305562141058, ""alpha3"": 0.6884826529968275, ""lr"": 0.0015074642012789278}"
lwu,task_il,12,84.1254530149499,81.57777777777778,83.62222222222222,0.001,,,,,,,0.0012459164830033592,,0.99,,,,,,1e-08,,,"{""adaptation_rate"": 0.001, ""lr"": 0.0012459164830033592, ""momentum_decay"": 0.99, ""tau_r"": 1e-08}"
