dataset,backbone,mode,seed,method,feasible,config
cifar10,cnn,class,42,amnesiac,,{}
cifar10,cnn,class,42,badteacher,True,"{""epochs"": 3, ""lr"": 0.01, ""temperature"": 4.0}"
cifar10,cnn,class,42,finetune,True,"{""epochs"": 10, ""lr"": 0.0001}"
cifar10,cnn,class,42,lwu,True,"{""distill_epochs"": 30, ""distill_lr"": 0.01, ""dominance_margin"": 3.0, ""forget_quantile"": 0.99, ""instance_forget_priority"": false, ""memory_preset"": ""m10_s100_c08"", ""sdft_lambda"": 0.5, ""weight_align"": false}"
cifar10,cnn,class,42,salun,True,"{""epochs"": 3, ""lr"": 0.0001, ""sparsity"": 0.1}"
cifar10,cnn,class,42,scrub,True,"{""epochs"": 5, ""lr"": 0.0005, ""max_grad_norm"": 5.0, ""msteps"": 2}"
cifar10,cnn,class,42,ssd,True,"{""alpha"": 5.0, ""dampening_constant"": 0.1}"
cifar10,cnn,class,42,uniclun,True,"{""buffer_size"": 250, ""epochs"": 3, ""lr"": 0.0001}"
cifar10,cnn,class,42,unsir,True,"{""impair_epochs"": 2, ""impair_lr"": 0.01, ""repair_epochs"": 2, ""repair_lr"": 0.01}"
cifar10,cnn,class,43,amnesiac,,{}
cifar10,cnn,class,43,badteacher,True,"{""epochs"": 10, ""lr"": 0.001, ""temperature"": 4.0}"
cifar10,cnn,class,43,finetune,True,"{""epochs"": 10, ""lr"": 0.0001}"
cifar10,cnn,class,43,lwu,True,"{""distill_epochs"": 10, ""distill_lr"": 0.001, ""dominance_margin"": 3.0, ""forget_quantile"": 0.99, ""instance_forget_priority"": false, ""memory_preset"": ""m10_s100_c08"", ""sdft_lambda"": 0.5, ""weight_align"": false}"
cifar10,cnn,class,43,salun,True,"{""epochs"": 10, ""lr"": 0.0001, ""sparsity"": 0.5}"
cifar10,cnn,class,43,scrub,True,"{""epochs"": 5, ""lr"": 0.0005, ""max_grad_norm"": 5.0, ""msteps"": 3}"
cifar10,cnn,class,43,ssd,True,"{""alpha"": 1.0, ""dampening_constant"": 10.0}"
cifar10,cnn,class,43,uniclun,True,"{""buffer_size"": 250, ""epochs"": 3, ""lr"": 0.0001}"
cifar10,cnn,class,43,unsir,True,"{""impair_epochs"": 2, ""impair_lr"": 0.01, ""repair_epochs"": 3, ""repair_lr"": 0.01}"
cifar10,cnn,class,44,amnesiac,,{}
cifar10,cnn,class,44,badteacher,True,"{""epochs"": 5, ""lr"": 0.001, ""temperature"": 4.0}"
cifar10,cnn,class,44,finetune,True,"{""epochs"": 10, ""lr"": 0.001}"
cifar10,cnn,class,44,lwu,True,"{""distill_epochs"": 30, ""distill_lr"": 0.001, ""dominance_margin"": 3.0, ""forget_quantile"": 0.99, ""instance_forget_priority"": false, ""memory_preset"": ""m10_s100_c08"", ""sdft_lambda"": 0.5, ""weight_align"": false}"
cifar10,cnn,class,44,salun,True,"{""epochs"": 10, ""lr"": 0.001, ""sparsity"": 0.9}"
cifar10,cnn,class,44,scrub,True,"{""epochs"": 5, ""lr"": 0.0005, ""max_grad_norm"": 5.0, ""msteps"": 3}"
cifar10,cnn,class,44,ssd,True,"{""alpha"": 1.0, ""dampening_constant"": 5.0}"
cifar10,cnn,class,44,uniclun,True,"{""buffer_size"": 250, ""epochs"": 5, ""lr"": 0.01}"
cifar10,cnn,class,44,unsir,True,"{""impair_epochs"": 2, ""impair_lr"": 0.01, ""repair_epochs"": 3, ""repair_lr"": 0.01}"
cifar10,cnn,instance,42,badteacher,True,"{""epochs"": 10, ""lr"": 0.01, ""temperature"": 2.0}"
cifar10,cnn,instance,42,finetune,True,"{""epochs"": 10, ""lr"": 0.001}"
cifar10,cnn,instance,42,lwu,True,"{""distill_epochs"": 10, ""distill_lr"": 0.001, ""dominance_margin"": 1.0, ""forget_quantile"": 0.99, ""instance_forget_priority"": false, ""memory_preset"": ""m10_s100_c08"", ""sdft_lambda"": 0.5, ""weight_align"": false}"
cifar10,cnn,instance,42,salun,False,"{""epochs"": 10, ""lr"": 0.01, ""sparsity"": 0.9}"
cifar10,cnn,instance,42,scrub,True,"{""epochs"": 10, ""lr"": 0.005, ""max_grad_norm"": 5.0, ""msteps"": 3}"
cifar10,cnn,instance,42,ssd,True,"{""alpha"": 5.0, ""dampening_constant"": 1.0}"
cifar10,cnn,instance,42,uniclun,True,"{""buffer_size"": 250, ""epochs"": 3, ""lr"": 0.0001}"
cifar10,cnn,instance,42,unsir,True,"{""impair_epochs"": 2, ""impair_lr"": 0.01, ""repair_epochs"": 1, ""repair_lr"": 0.01}"
cifar10,cnn,instance,43,badteacher,True,"{""epochs"": 5, ""lr"": 0.01, ""temperature"": 2.0}"
cifar10,cnn,instance,43,finetune,True,"{""epochs"": 5, ""lr"": 0.001}"
cifar10,cnn,instance,43,lwu,True,"{""distill_epochs"": 30, ""distill_lr"": 0.01, ""dominance_margin"": 3.0, ""forget_quantile"": 0.9, ""instance_forget_priority"": false, ""memory_preset"": ""m10_s100_c08"", ""sdft_lambda"": 0.5, ""weight_align"": true}"
cifar10,cnn,instance,43,salun,False,"{""epochs"": 10, ""lr"": 0.01, ""sparsity"": 0.7}"
cifar10,cnn,instance,43,scrub,True,"{""epochs"": 10, ""lr"": 0.005, ""max_grad_norm"": 5.0, ""msteps"": 2}"
cifar10,cnn,instance,43,ssd,True,"{""alpha"": 1.0, ""dampening_constant"": 5.0}"
cifar10,cnn,instance,43,uniclun,True,"{""buffer_size"": 250, ""epochs"": 10, ""lr"": 0.01}"
cifar10,cnn,instance,43,unsir,True,"{""impair_epochs"": 1, ""impair_lr"": 0.01, ""repair_epochs"": 2, ""repair_lr"": 0.01}"
cifar10,cnn,instance,44,badteacher,True,"{""epochs"": 5, ""lr"": 0.0001, ""temperature"": 1.0}"
cifar10,cnn,instance,44,finetune,True,"{""epochs"": 10, ""lr"": 0.001}"
cifar10,cnn,instance,44,lwu,True,"{""distill_epochs"": 30, ""distill_lr"": 0.001, ""dominance_margin"": 3.0, ""forget_quantile"": 0.9, ""instance_forget_priority"": false, ""memory_preset"": ""m10_s100_c08"", ""sdft_lambda"": 0.5, ""weight_align"": true}"
cifar10,cnn,instance,44,salun,True,"{""epochs"": 10, ""lr"": 0.01, ""sparsity"": 0.1}"
cifar10,cnn,instance,44,scrub,True,"{""epochs"": 10, ""lr"": 0.005, ""max_grad_norm"": 5.0, ""msteps"": 2}"
cifar10,cnn,instance,44,ssd,True,"{""alpha"": 1.0, ""dampening_constant"": 5.0}"
cifar10,cnn,instance,44,uniclun,True,"{""buffer_size"": 250, ""epochs"": 5, ""lr"": 0.01}"
cifar10,cnn,instance,44,unsir,True,"{""impair_epochs"": 2, ""impair_lr"": 0.01, ""repair_epochs"": 2, ""repair_lr"": 0.01}"
cifar10,cnn,subclass,42,badteacher,True,"{""epochs"": 10, ""lr"": 0.01, ""temperature"": 4.0}"
cifar10,cnn,subclass,42,finetune,True,"{""epochs"": 3, ""lr"": 0.001}"
cifar10,cnn,subclass,42,lwu,True,"{""distill_epochs"": 30, ""distill_lr"": 0.01, ""dominance_margin"": 3.0, ""forget_quantile"": 0.9, ""instance_forget_priority"": false, ""memory_preset"": ""m01_s025_c08"", ""sdft_lambda"": 0.5, ""weight_align"": true}"
cifar10,cnn,subclass,42,salun,True,"{""epochs"": 3, ""lr"": 0.0001, ""sparsity"": 0.1}"
cifar10,cnn,subclass,42,scrub,True,"{""epochs"": 5, ""lr"": 0.0001, ""max_grad_norm"": 5.0, ""msteps"": 3}"
cifar10,cnn,subclass,42,ssd,True,"{""alpha"": 10.0, ""dampening_constant"": 0.5}"
cifar10,cnn,subclass,42,uniclun,True,"{""buffer_size"": 250, ""epochs"": 5, ""lr"": 0.0001}"
cifar10,cnn,subclass,42,unsir,True,"{""impair_epochs"": 1, ""impair_lr"": 0.1, ""repair_epochs"": 3, ""repair_lr"": 0.01}"
cifar10,cnn,subclass,43,badteacher,True,"{""epochs"": 5, ""lr"": 0.01, ""temperature"": 4.0}"
cifar10,cnn,subclass,43,finetune,True,"{""epochs"": 10, ""lr"": 0.001}"
cifar10,cnn,subclass,43,lwu,True,"{""distill_epochs"": 10, ""distill_lr"": 0.001, ""dominance_margin"": 1.0, ""forget_quantile"": 0.99, ""instance_forget_priority"": false, ""memory_preset"": ""m01_s025_c08"", ""sdft_lambda"": 0.5, ""weight_align"": false}"
cifar10,cnn,subclass,43,salun,True,"{""epochs"": 3, ""lr"": 0.0001, ""sparsity"": 0.1}"
cifar10,cnn,subclass,43,scrub,True,"{""epochs"": 5, ""lr"": 0.0001, ""max_grad_norm"": 5.0, ""msteps"": 3}"
cifar10,cnn,subclass,43,ssd,True,"{""alpha"": 1.0, ""dampening_constant"": 5.0}"
cifar10,cnn,subclass,43,uniclun,True,"{""buffer_size"": 250, ""epochs"": 5, ""lr"": 0.0001}"
cifar10,cnn,subclass,43,unsir,True,"{""impair_epochs"": 1, ""impair_lr"": 0.001, ""repair_epochs"": 2, ""repair_lr"": 0.001}"
cifar10,cnn,subclass,44,badteacher,True,"{""epochs"": 10, ""lr"": 0.01, ""temperature"": 2.0}"
cifar10,cnn,subclass,44,finetune,True,"{""epochs"": 10, ""lr"": 0.001}"
cifar10,cnn,subclass,44,lwu,True,"{""distill_epochs"": 30, ""distill_lr"": 0.001, ""dominance_margin"": 3.0, ""forget_quantile"": 0.99, ""instance_forget_priority"": false, ""memory_preset"": ""m01_s025_c08"", ""sdft_lambda"": 0.5, ""weight_align"": false}"
cifar10,cnn,subclass,44,salun,True,"{""epochs"": 3, ""lr"": 0.0001, ""sparsity"": 0.1}"
cifar10,cnn,subclass,44,scrub,True,"{""epochs"": 5, ""lr"": 0.0005, ""max_grad_norm"": 5.0, ""msteps"": 3}"
cifar10,cnn,subclass,44,ssd,True,"{""alpha"": 5.0, ""dampening_constant"": 0.1}"
cifar10,cnn,subclass,44,uniclun,True,"{""buffer_size"": 250, ""epochs"": 3, ""lr"": 0.0001}"
cifar10,cnn,subclass,44,unsir,True,"{""impair_epochs"": 1, ""impair_lr"": 0.01, ""repair_epochs"": 2, ""repair_lr"": 0.01}"
cifar10,resnet18,class,42,amnesiac,,{}
cifar10,resnet18,class,42,badteacher,True,"{""epochs"": 10, ""lr"": 0.01, ""temperature"": 4.0}"
cifar10,resnet18,class,42,finetune,True,"{""epochs"": 10, ""lr"": 0.0001}"
cifar10,resnet18,class,42,lwu,True,"{""distill_epochs"": 30, ""distill_lr"": 0.01, ""dominance_margin"": 1.0, ""forget_quantile"": 0.99, ""instance_forget_priority"": false, ""memory_preset"": ""m10_s100_c08"", ""sdft_lambda"": 0.5, ""weight_align"": false}"
cifar10,resnet18,class,42,salun,True,"{""epochs"": 3, ""lr"": 0.0001, ""sparsity"": 0.1}"
cifar10,resnet18,class,42,scrub,True,"{""epochs"": 10, ""lr"": 0.0005, ""max_grad_norm"": 5.0, ""msteps"": 3}"
cifar10,resnet18,class,42,ssd,True,"{""alpha"": 100.0, ""dampening_constant"": 0.1}"
cifar10,resnet18,class,42,uniclun,False,"{""buffer_size"": 250, ""epochs"": 3, ""lr"": 0.0001}"
cifar10,resnet18,class,42,unsir,True,"{""impair_epochs"": 1, ""impair_lr"": 0.01, ""repair_epochs"": 3, ""repair_lr"": 0.01}"
cifar10,resnet18,class,43,amnesiac,,{}
cifar10,resnet18,class,43,badteacher,True,"{""epochs"": 10, ""lr"": 0.01, ""temperature"": 4.0}"
cifar10,resnet18,class,43,finetune,True,"{""epochs"": 10, ""lr"": 0.001}"
cifar10,resnet18,class,43,lwu,True,"{""distill_epochs"": 30, ""distill_lr"": 0.01, ""dominance_margin"": 1.0, ""forget_quantile"": 0.99, ""instance_forget_priority"": false, ""memory_preset"": ""m10_s100_c08"", ""sdft_lambda"": 0.5, ""weight_align"": true}"
cifar10,resnet18,class,43,salun,True,"{""epochs"": 10, ""lr"": 0.01, ""sparsity"": 0.7}"
cifar10,resnet18,class,43,scrub,True,"{""epochs"": 5, ""lr"": 0.0005, ""max_grad_norm"": 5.0, ""msteps"": 2}"
cifar10,resnet18,class,43,ssd,True,"{""alpha"": 5.0, ""dampening_constant"": 0.5}"
cifar10,resnet18,class,43,uniclun,True,"{""buffer_size"": 250, ""epochs"": 10, ""lr"": 0.0001}"
cifar10,resnet18,class,43,unsir,True,"{""impair_epochs"": 2, ""impair_lr"": 0.01, ""repair_epochs"": 2, ""repair_lr"": 0.01}"
cifar10,resnet18,class,44,amnesiac,,{}
cifar10,resnet18,class,44,badteacher,True,"{""epochs"": 10, ""lr"": 0.01, ""temperature"": 4.0}"
cifar10,resnet18,class,44,finetune,True,"{""epochs"": 10, ""lr"": 0.001}"
cifar10,resnet18,class,44,lwu,True,"{""distill_epochs"": 30, ""distill_lr"": 0.01, ""dominance_margin"": 3.0, ""forget_quantile"": 0.99, ""instance_forget_priority"": false, ""memory_preset"": ""m10_s100_c08"", ""sdft_lambda"": 0.5, ""weight_align"": false}"
cifar10,resnet18,class,44,salun,True,"{""epochs"": 10, ""lr"": 0.01, ""sparsity"": 0.7}"
cifar10,resnet18,class,44,scrub,True,"{""epochs"": 5, ""lr"": 0.0005, ""max_grad_norm"": 5.0, ""msteps"": 2}"
cifar10,resnet18,class,44,ssd,True,"{""alpha"": 10.0, ""dampening_constant"": 0.1}"
cifar10,resnet18,class,44,uniclun,True,"{""buffer_size"": 250, ""epochs"": 10, ""lr"": 0.01}"
cifar10,resnet18,class,44,unsir,True,"{""impair_epochs"": 1, ""impair_lr"": 0.01, ""repair_epochs"": 2, ""repair_lr"": 0.01}"
cifar10,resnet18,instance,42,badteacher,True,"{""epochs"": 5, ""lr"": 0.01, ""temperature"": 4.0}"
cifar10,resnet18,instance,42,finetune,True,"{""epochs"": 10, ""lr"": 0.001}"
cifar10,resnet18,instance,42,lwu,True,"{""distill_epochs"": 10, ""distill_lr"": 0.001, ""dominance_margin"": 1.0, ""forget_quantile"": 0.99, ""instance_forget_priority"": false, ""memory_preset"": ""m10_s100_c08"", ""sdft_lambda"": 0.5, ""weight_align"": true}"
cifar10,resnet18,instance,42,salun,False,"{""epochs"": 5, ""lr"": 0.01, ""sparsity"": 0.7}"
cifar10,resnet18,instance,42,scrub,True,"{""epochs"": 5, ""lr"": 0.005, ""max_grad_norm"": 5.0, ""msteps"": 2}"
cifar10,resnet18,instance,42,ssd,True,"{""alpha"": 1.0, ""dampening_constant"": 10.0}"
cifar10,resnet18,instance,42,uniclun,False,"{""buffer_size"": 250, ""epochs"": 10, ""lr"": 0.01}"
cifar10,resnet18,instance,42,unsir,True,"{""impair_epochs"": 1, ""impair_lr"": 0.01, ""repair_epochs"": 2, ""repair_lr"": 0.01}"
cifar10,resnet18,instance,43,badteacher,True,"{""epochs"": 5, ""lr"": 0.01, ""temperature"": 4.0}"
cifar10,resnet18,instance,43,finetune,True,"{""epochs"": 10, ""lr"": 0.0001}"
cifar10,resnet18,instance,43,lwu,True,"{""distill_epochs"": 10, ""distill_lr"": 0.001, ""dominance_margin"": 3.0, ""forget_quantile"": 0.99, ""instance_forget_priority"": false, ""memory_preset"": ""m10_s100_c08"", ""sdft_lambda"": 0.5, ""weight_align"": true}"
cifar10,resnet18,instance,43,salun,False,"{""epochs"": 3, ""lr"": 0.0001, ""sparsity"": 0.3}"
cifar10,resnet18,instance,43,scrub,True,"{""epochs"": 5, ""lr"": 0.005, ""max_grad_norm"": 5.0, ""msteps"": 2}"
cifar10,resnet18,instance,43,ssd,True,"{""alpha"": 1.0, ""dampening_constant"": 5.0}"
cifar10,resnet18,instance,43,uniclun,True,"{""buffer_size"": 250, ""epochs"": 3, ""lr"": 0.0001}"
cifar10,resnet18,instance,43,unsir,True,"{""impair_epochs"": 2, ""impair_lr"": 0.001, ""repair_epochs"": 1, ""repair_lr"": 0.01}"
cifar10,resnet18,instance,44,badteacher,True,"{""epochs"": 3, ""lr"": 0.0001, ""temperature"": 2.0}"
cifar10,resnet18,instance,44,finetune,True,"{""epochs"": 10, ""lr"": 0.001}"
cifar10,resnet18,instance,44,lwu,True,"{""distill_epochs"": 10, ""distill_lr"": 0.001, ""dominance_margin"": 1.0, ""forget_quantile"": 0.99, ""instance_forget_priority"": false, ""memory_preset"": ""m10_s100_c08"", ""sdft_lambda"": 0.5, ""weight_align"": false}"
cifar10,resnet18,instance,44,salun,False,"{""epochs"": 3, ""lr"": 0.0001, ""sparsity"": 0.1}"
cifar10,resnet18,instance,44,scrub,True,"{""epochs"": 10, ""lr"": 0.005, ""max_grad_norm"": 5.0, ""msteps"": 2}"
cifar10,resnet18,instance,44,ssd,True,"{""alpha"": 1.0, ""dampening_constant"": 5.0}"
cifar10,resnet18,instance,44,uniclun,False,"{""buffer_size"": 250, ""epochs"": 3, ""lr"": 0.0001}"
cifar10,resnet18,instance,44,unsir,True,"{""impair_epochs"": 2, ""impair_lr"": 0.001, ""repair_epochs"": 1, ""repair_lr"": 0.01}"
cifar10,resnet18,subclass,42,badteacher,True,"{""epochs"": 10, ""lr"": 0.01, ""temperature"": 4.0}"
cifar10,resnet18,subclass,42,finetune,True,"{""epochs"": 10, ""lr"": 0.001}"
cifar10,resnet18,subclass,42,lwu,True,"{""distill_epochs"": 30, ""distill_lr"": 0.01, ""dominance_margin"": 3.0, ""forget_quantile"": 0.9, ""instance_forget_priority"": false, ""memory_preset"": ""m01_s025_c08"", ""sdft_lambda"": 0.5, ""weight_align"": true}"
cifar10,resnet18,subclass,42,salun,True,"{""epochs"": 10, ""lr"": 0.01, ""sparsity"": 0.7}"
cifar10,resnet18,subclass,42,scrub,True,"{""epochs"": 10, ""lr"": 0.005, ""max_grad_norm"": 5.0, ""msteps"": 3}"
cifar10,resnet18,subclass,42,ssd,True,"{""alpha"": 10.0, ""dampening_constant"": 0.1}"
cifar10,resnet18,subclass,42,uniclun,True,"{""buffer_size"": 250, ""epochs"": 5, ""lr"": 0.01}"
cifar10,resnet18,subclass,42,unsir,True,"{""impair_epochs"": 2, ""impair_lr"": 0.01, ""repair_epochs"": 2, ""repair_lr"": 0.01}"
cifar10,resnet18,subclass,43,badteacher,True,"{""epochs"": 5, ""lr"": 0.01, ""temperature"": 1.0}"
cifar10,resnet18,subclass,43,finetune,True,"{""epochs"": 10, ""lr"": 0.001}"
cifar10,resnet18,subclass,43,lwu,True,"{""distill_epochs"": 10, ""distill_lr"": 0.001, ""dominance_margin"": 1.0, ""forget_quantile"": 0.99, ""instance_forget_priority"": false, ""memory_preset"": ""m01_s025_c08"", ""sdft_lambda"": 0.5, ""weight_align"": false}"
cifar10,resnet18,subclass,43,salun,True,"{""epochs"": 10, ""lr"": 0.01, ""sparsity"": 0.7}"
cifar10,resnet18,subclass,43,scrub,True,"{""epochs"": 5, ""lr"": 0.005, ""max_grad_norm"": 5.0, ""msteps"": 3}"
cifar10,resnet18,subclass,43,ssd,True,"{""alpha"": 1.0, ""dampening_constant"": 0.5}"
cifar10,resnet18,subclass,43,uniclun,True,"{""buffer_size"": 250, ""epochs"": 10, ""lr"": 0.01}"
cifar10,resnet18,subclass,43,unsir,True,"{""impair_epochs"": 1, ""impair_lr"": 0.01, ""repair_epochs"": 2, ""repair_lr"": 0.01}"
cifar10,resnet18,subclass,44,badteacher,True,"{""epochs"": 10, ""lr"": 0.01, ""temperature"": 4.0}"
cifar10,resnet18,subclass,44,finetune,True,"{""epochs"": 10, ""lr"": 0.001}"
cifar10,resnet18,subclass,44,lwu,True,"{""distill_epochs"": 10, ""distill_lr"": 0.001, ""dominance_margin"": 1.0, ""forget_quantile"": 0.99, ""instance_forget_priority"": false, ""memory_preset"": ""m01_s025_c08"", ""sdft_lambda"": 0.5, ""weight_align"": true}"
cifar10,resnet18,subclass,44,salun,True,"{""epochs"": 5, ""lr"": 0.0001, ""sparsity"": 0.3}"
cifar10,resnet18,subclass,44,scrub,True,"{""epochs"": 10, ""lr"": 0.005, ""max_grad_norm"": 5.0, ""msteps"": 3}"
cifar10,resnet18,subclass,44,ssd,True,"{""alpha"": 10.0, ""dampening_constant"": 5.0}"
cifar10,resnet18,subclass,44,uniclun,True,"{""buffer_size"": 250, ""epochs"": 5, ""lr"": 0.0001}"
cifar10,resnet18,subclass,44,unsir,True,"{""impair_epochs"": 2, ""impair_lr"": 0.01, ""repair_epochs"": 1, ""repair_lr"": 0.01}"
cifar100,cnn,class,42,amnesiac,,{}
cifar100,cnn,class,42,badteacher,True,"{""epochs"": 10, ""lr"": 0.001, ""temperature"": 4.0}"
cifar100,cnn,class,42,finetune,True,"{""epochs"": 10, ""lr"": 0.0001}"
cifar100,cnn,class,42,lwu,True,"{""distill_epochs"": 10, ""distill_lr"": 0.01, ""dominance_margin"": 3.0, ""forget_quantile"": 0.99, ""instance_forget_priority"": false, ""memory_preset"": ""m01_s025_c08"", ""sdft_lambda"": 0.5, ""weight_align"": false}"
cifar100,cnn,class,42,salun,False,"{""epochs"": 5, ""lr"": 0.0001, ""sparsity"": 0.1}"
cifar100,cnn,class,42,scrub,True,"{""epochs"": 5, ""lr"": 0.0005, ""max_grad_norm"": 5.0, ""msteps"": 3}"
cifar100,cnn,class,42,ssd,True,"{""alpha"": 100.0, ""dampening_constant"": 5.0}"
cifar100,cnn,class,42,uniclun,False,"{""buffer_size"": 250, ""epochs"": 3, ""lr"": 0.0001}"
cifar100,cnn,class,42,unsir,True,"{""impair_epochs"": 1, ""impair_lr"": 0.01, ""repair_epochs"": 3, ""repair_lr"": 0.01}"
cifar100,cnn,class,43,amnesiac,,{}
cifar100,cnn,class,43,badteacher,False,"{""epochs"": 5, ""lr"": 0.01, ""temperature"": 4.0}"
cifar100,cnn,class,43,finetune,True,"{""epochs"": 10, ""lr"": 0.0001}"
cifar100,cnn,class,43,lwu,True,"{""distill_epochs"": 30, ""distill_lr"": 0.001, ""dominance_margin"": 3.0, ""forget_quantile"": 0.99, ""instance_forget_priority"": false, ""memory_preset"": ""m01_s025_c08"", ""sdft_lambda"": 0.5, ""weight_align"": false}"
cifar100,cnn,class,43,salun,False,"{""epochs"": 3, ""lr"": 0.0001, ""sparsity"": 0.3}"
cifar100,cnn,class,43,scrub,True,"{""epochs"": 5, ""lr"": 0.0005, ""max_grad_norm"": 5.0, ""msteps"": 1}"
cifar100,cnn,class,43,ssd,True,"{""alpha"": 50.0, ""dampening_constant"": 0.5}"
cifar100,cnn,class,43,uniclun,False,"{""buffer_size"": 250, ""epochs"": 5, ""lr"": 0.0001}"
cifar100,cnn,class,43,unsir,True,"{""impair_epochs"": 1, ""impair_lr"": 0.001, ""repair_epochs"": 2, ""repair_lr"": 0.01}"
cifar100,cnn,class,44,amnesiac,,{}
cifar100,cnn,class,44,badteacher,True,"{""epochs"": 10, ""lr"": 0.01, ""temperature"": 4.0}"
cifar100,cnn,class,44,finetune,True,"{""epochs"": 10, ""lr"": 0.0001}"
cifar100,cnn,class,44,lwu,True,"{""distill_epochs"": 10, ""distill_lr"": 0.01, ""dominance_margin"": 3.0, ""forget_quantile"": 0.99, ""instance_forget_priority"": false, ""memory_preset"": ""m01_s025_c08"", ""sdft_lambda"": 0.5, ""weight_align"": false}"
cifar100,cnn,class,44,salun,False,"{""epochs"": 3, ""lr"": 0.0001, ""sparsity"": 0.9}"
cifar100,cnn,class,44,scrub,True,"{""epochs"": 5, ""lr"": 0.005, ""max_grad_norm"": 5.0, ""msteps"": 3}"
cifar100,cnn,class,44,ssd,True,"{""alpha"": 1.0, ""dampening_constant"": 5.0}"
cifar100,cnn,class,44,uniclun,False,"{""buffer_size"": 250, ""epochs"": 3, ""lr"": 0.0001}"
cifar100,cnn,class,44,unsir,True,"{""impair_epochs"": 1, ""impair_lr"": 0.001, ""repair_epochs"": 2, ""repair_lr"": 0.01}"
cifar100,cnn,instance,42,badteacher,True,"{""epochs"": 10, ""lr"": 0.001, ""temperature"": 4.0}"
cifar100,cnn,instance,42,finetune,True,"{""epochs"": 10, ""lr"": 0.0001}"
cifar100,cnn,instance,42,lwu,True,"{""distill_epochs"": 10, ""distill_lr"": 0.01, ""dominance_margin"": 3.0, ""forget_quantile"": 0.9, ""instance_forget_priority"": false, ""memory_preset"": ""m01_s025_c08"", ""sdft_lambda"": 0.5, ""weight_align"": true}"
cifar100,cnn,instance,42,salun,False,"{""epochs"": 3, ""lr"": 0.0001, ""sparsity"": 0.9}"
cifar100,cnn,instance,42,scrub,True,"{""epochs"": 10, ""lr"": 0.005, ""max_grad_norm"": 5.0, ""msteps"": 2}"
cifar100,cnn,instance,42,ssd,True,"{""alpha"": 5.0, ""dampening_constant"": 0.1}"
cifar100,cnn,instance,42,uniclun,False,"{""buffer_size"": 250, ""epochs"": 10, ""lr"": 0.01}"
cifar100,cnn,instance,42,unsir,True,"{""impair_epochs"": 2, ""impair_lr"": 0.01, ""repair_epochs"": 3, ""repair_lr"": 0.01}"
cifar100,cnn,instance,43,badteacher,True,"{""epochs"": 1, ""lr"": 0.0001, ""temperature"": 1.0}"
cifar100,cnn,instance,43,finetune,True,"{""epochs"": 10, ""lr"": 0.0001}"
cifar100,cnn,instance,43,lwu,True,"{""distill_epochs"": 10, ""distill_lr"": 0.01, ""dominance_margin"": 3.0, ""forget_quantile"": 0.9, ""instance_forget_priority"": false, ""memory_preset"": ""m01_s025_c08"", ""sdft_lambda"": 0.5, ""weight_align"": false}"
cifar100,cnn,instance,43,salun,False,"{""epochs"": 10, ""lr"": 0.01, ""sparsity"": 0.3}"
cifar100,cnn,instance,43,scrub,True,"{""epochs"": 10, ""lr"": 0.005, ""max_grad_norm"": 5.0, ""msteps"": 2}"
cifar100,cnn,instance,43,ssd,True,"{""alpha"": 5.0, ""dampening_constant"": 0.5}"
cifar100,cnn,instance,43,uniclun,False,"{""buffer_size"": 250, ""epochs"": 10, ""lr"": 0.01}"
cifar100,cnn,instance,43,unsir,True,"{""impair_epochs"": 2, ""impair_lr"": 0.001, ""repair_epochs"": 1, ""repair_lr"": 0.01}"
cifar100,cnn,instance,44,badteacher,True,"{""epochs"": 1, ""lr"": 0.0001, ""temperature"": 2.0}"
cifar100,cnn,instance,44,finetune,True,"{""epochs"": 5, ""lr"": 0.0001}"
cifar100,cnn,instance,44,lwu,True,"{""distill_epochs"": 10, ""distill_lr"": 0.01, ""dominance_margin"": 3.0, ""forget_quantile"": 0.9, ""instance_forget_priority"": false, ""memory_preset"": ""m10_s100_c08"", ""sdft_lambda"": 0.5, ""weight_align"": false}"
cifar100,cnn,instance,44,salun,False,"{""epochs"": 10, ""lr"": 0.01, ""sparsity"": 0.5}"
cifar100,cnn,instance,44,scrub,True,"{""epochs"": 5, ""lr"": 0.005, ""max_grad_norm"": 5.0, ""msteps"": 1}"
cifar100,cnn,instance,44,ssd,True,"{""alpha"": 5.0, ""dampening_constant"": 0.1}"
cifar100,cnn,instance,44,uniclun,False,"{""buffer_size"": 250, ""epochs"": 10, ""lr"": 0.01}"
cifar100,cnn,instance,44,unsir,True,"{""impair_epochs"": 2, ""impair_lr"": 0.001, ""repair_epochs"": 1, ""repair_lr"": 0.01}"
cifar100,cnn,subclass,42,badteacher,True,"{""epochs"": 10, ""lr"": 0.001, ""temperature"": 4.0}"
cifar100,cnn,subclass,42,finetune,True,"{""epochs"": 10, ""lr"": 0.0001}"
cifar100,cnn,subclass,42,lwu,True,"{""distill_epochs"": 10, ""distill_lr"": 0.001, ""dominance_margin"": 1.0, ""forget_quantile"": 0.99, ""instance_forget_priority"": false, ""memory_preset"": ""m01_s025_c08"", ""sdft_lambda"": 0.5, ""weight_align"": false}"
cifar100,cnn,subclass,42,salun,False,"{""epochs"": 3, ""lr"": 0.0001, ""sparsity"": 0.1}"
cifar100,cnn,subclass,42,scrub,True,"{""epochs"": 10, ""lr"": 0.005, ""max_grad_norm"": 5.0, ""msteps"": 2}"
cifar100,cnn,subclass,42,ssd,True,"{""alpha"": 50.0, ""dampening_constant"": 0.1}"
cifar100,cnn,subclass,42,uniclun,False,"{""buffer_size"": 250, ""epochs"": 5, ""lr"": 0.0001}"
cifar100,cnn,subclass,42,unsir,True,"{""impair_epochs"": 1, ""impair_lr"": 0.001, ""repair_epochs"": 3, ""repair_lr"": 0.01}"
cifar100,cnn,subclass,43,badteacher,True,"{""epochs"": 10, ""lr"": 0.01, ""temperature"": 2.0}"
cifar100,cnn,subclass,43,finetune,True,"{""epochs"": 5, ""lr"": 0.0001}"
cifar100,cnn,subclass,43,lwu,True,"{""distill_epochs"": 30, ""distill_lr"": 0.001, ""dominance_margin"": 1.0, ""forget_quantile"": 0.99, ""instance_forget_priority"": false, ""memory_preset"": ""m10_s100_c08"", ""sdft_lambda"": 0.5, ""weight_align"": false}"
cifar100,cnn,subclass,43,salun,False,"{""epochs"": 3, ""lr"": 0.0001, ""sparsity"": 0.9}"
cifar100,cnn,subclass,43,scrub,True,"{""epochs"": 10, ""lr"": 0.0005, ""max_grad_norm"": 5.0, ""msteps"": 1}"
cifar100,cnn,subclass,43,ssd,True,"{""alpha"": 10.0, ""dampening_constant"": 5.0}"
cifar100,cnn,subclass,43,uniclun,False,"{""buffer_size"": 250, ""epochs"": 5, ""lr"": 0.01}"
cifar100,cnn,subclass,43,unsir,True,"{""impair_epochs"": 1, ""impair_lr"": 0.01, ""repair_epochs"": 2, ""repair_lr"": 0.01}"
cifar100,cnn,subclass,44,badteacher,False,"{""epochs"": 10, ""lr"": 0.01, ""temperature"": 4.0}"
cifar100,cnn,subclass,44,finetune,True,"{""epochs"": 3, ""lr"": 0.0001}"
cifar100,cnn,subclass,44,lwu,True,"{""distill_epochs"": 10, ""distill_lr"": 0.01, ""dominance_margin"": 1.0, ""forget_quantile"": 0.99, ""instance_forget_priority"": false, ""memory_preset"": ""m01_s025_c08"", ""sdft_lambda"": 0.5, ""weight_align"": false}"
cifar100,cnn,subclass,44,salun,False,"{""epochs"": 3, ""lr"": 0.0001, ""sparsity"": 0.3}"
cifar100,cnn,subclass,44,scrub,True,"{""epochs"": 5, ""lr"": 0.005, ""max_grad_norm"": 5.0, ""msteps"": 2}"
cifar100,cnn,subclass,44,ssd,True,"{""alpha"": 1.0, ""dampening_constant"": 10.0}"
cifar100,cnn,subclass,44,uniclun,False,"{""buffer_size"": 250, ""epochs"": 3, ""lr"": 0.0001}"
cifar100,cnn,subclass,44,unsir,True,"{""impair_epochs"": 2, ""impair_lr"": 0.001, ""repair_epochs"": 1, ""repair_lr"": 0.01}"
cifar100,resnet18,class,42,amnesiac,,{}
cifar100,resnet18,class,42,badteacher,True,"{""epochs"": 10, ""lr"": 0.01, ""temperature"": 4.0}"
cifar100,resnet18,class,42,finetune,True,"{""epochs"": 10, ""lr"": 0.0001}"
cifar100,resnet18,class,42,lwu,True,"{""distill_epochs"": 30, ""distill_lr"": 0.001, ""dominance_margin"": 3.0, ""forget_quantile"": 0.99, ""instance_forget_priority"": false, ""memory_preset"": ""m01_s025_c08"", ""sdft_lambda"": 0.5, ""weight_align"": false}"
cifar100,resnet18,class,42,salun,False,"{""epochs"": 3, ""lr"": 0.0001, ""sparsity"": 0.3}"
cifar100,resnet18,class,42,scrub,True,"{""epochs"": 5, ""lr"": 0.005, ""max_grad_norm"": 5.0, ""msteps"": 3}"
cifar100,resnet18,class,42,ssd,True,"{""alpha"": 50.0, ""dampening_constant"": 0.1}"
cifar100,resnet18,class,42,uniclun,False,"{""buffer_size"": 250, ""epochs"": 3, ""lr"": 0.0001}"
cifar100,resnet18,class,42,unsir,True,"{""impair_epochs"": 1, ""impair_lr"": 0.01, ""repair_epochs"": 3, ""repair_lr"": 0.01}"
cifar100,resnet18,class,43,amnesiac,,{}
cifar100,resnet18,class,43,badteacher,True,"{""epochs"": 10, ""lr"": 0.01, ""temperature"": 4.0}"
cifar100,resnet18,class,43,finetune,True,"{""epochs"": 10, ""lr"": 0.0001}"
cifar100,resnet18,class,43,lwu,True,"{""distill_epochs"": 30, ""distill_lr"": 0.01, ""dominance_margin"": 3.0, ""forget_quantile"": 0.99, ""instance_forget_priority"": false, ""memory_preset"": ""m01_s025_c08"", ""sdft_lambda"": 0.5, ""weight_align"": false}"
cifar100,resnet18,class,43,salun,False,"{""epochs"": 3, ""lr"": 0.0001, ""sparsity"": 0.9}"
cifar100,resnet18,class,43,scrub,True,"{""epochs"": 5, ""lr"": 0.005, ""max_grad_norm"": 5.0, ""msteps"": 3}"
cifar100,resnet18,class,43,ssd,True,"{""alpha"": 10.0, ""dampening_constant"": 5.0}"
cifar100,resnet18,class,43,uniclun,False,"{""buffer_size"": 250, ""epochs"": 3, ""lr"": 0.0001}"
cifar100,resnet18,class,43,unsir,True,"{""impair_epochs"": 1, ""impair_lr"": 0.01, ""repair_epochs"": 2, ""repair_lr"": 0.01}"
cifar100,resnet18,class,44,amnesiac,,{}
cifar100,resnet18,class,44,badteacher,True,"{""epochs"": 3, ""lr"": 0.01, ""temperature"": 4.0}"
cifar100,resnet18,class,44,finetune,True,"{""epochs"": 10, ""lr"": 0.0001}"
cifar100,resnet18,class,44,lwu,True,"{""distill_epochs"": 30, ""distill_lr"": 0.01, ""dominance_margin"": 3.0, ""forget_quantile"": 0.99, ""instance_forget_priority"": false, ""memory_preset"": ""m01_s025_c08"", ""sdft_lambda"": 0.5, ""weight_align"": false}"
cifar100,resnet18,class,44,salun,False,"{""epochs"": 3, ""lr"": 0.0001, ""sparsity"": 0.9}"
cifar100,resnet18,class,44,scrub,True,"{""epochs"": 5, ""lr"": 0.005, ""max_grad_norm"": 5.0, ""msteps"": 3}"
cifar100,resnet18,class,44,ssd,True,"{""alpha"": 50.0, ""dampening_constant"": 5.0}"
cifar100,resnet18,class,44,uniclun,False,"{""buffer_size"": 250, ""epochs"": 3, ""lr"": 0.0001}"
cifar100,resnet18,class,44,unsir,True,"{""impair_epochs"": 1, ""impair_lr"": 0.01, ""repair_epochs"": 3, ""repair_lr"": 0.01}"
cifar100,resnet18,instance,42,badteacher,True,"{""epochs"": 1, ""lr"": 0.0001, ""temperature"": 2.0}"
cifar100,resnet18,instance,42,finetune,True,"{""epochs"": 3, ""lr"": 0.0001}"
cifar100,resnet18,instance,42,lwu,True,"{""distill_epochs"": 10, ""distill_lr"": 0.001, ""dominance_margin"": 1.0, ""forget_quantile"": 0.99, ""instance_forget_priority"": false, ""memory_preset"": ""m01_s025_c08"", ""sdft_lambda"": 0.5, ""weight_align"": false}"
cifar100,resnet18,instance,42,salun,False,"{""epochs"": 10, ""lr"": 0.01, ""sparsity"": 0.9}"
cifar100,resnet18,instance,42,scrub,True,"{""epochs"": 5, ""lr"": 0.005, ""max_grad_norm"": 5.0, ""msteps"": 3}"
cifar100,resnet18,instance,42,ssd,True,"{""alpha"": 10.0, ""dampening_constant"": 0.5}"
cifar100,resnet18,instance,42,uniclun,False,"{""buffer_size"": 250, ""epochs"": 10, ""lr"": 0.01}"
cifar100,resnet18,instance,42,unsir,True,"{""impair_epochs"": 2, ""impair_lr"": 0.01, ""repair_epochs"": 3, ""repair_lr"": 0.01}"
cifar100,resnet18,instance,43,badteacher,True,"{""epochs"": 1, ""lr"": 0.0001, ""temperature"": 1.0}"
cifar100,resnet18,instance,43,finetune,True,"{""epochs"": 1, ""lr"": 0.0001}"
cifar100,resnet18,instance,43,lwu,True,"{""distill_epochs"": 30, ""distill_lr"": 0.01, ""dominance_margin"": 3.0, ""forget_quantile"": 0.9, ""instance_forget_priority"": false, ""memory_preset"": ""m01_s025_c08"", ""sdft_lambda"": 0.5, ""weight_align"": false}"
cifar100,resnet18,instance,43,salun,False,"{""epochs"": 10, ""lr"": 0.01, ""sparsity"": 0.9}"
cifar100,resnet18,instance,43,scrub,True,"{""epochs"": 5, ""lr"": 0.005, ""max_grad_norm"": 5.0, ""msteps"": 2}"
cifar100,resnet18,instance,43,ssd,True,"{""alpha"": 5.0, ""dampening_constant"": 1.0}"
cifar100,resnet18,instance,43,uniclun,False,"{""buffer_size"": 250, ""epochs"": 10, ""lr"": 0.01}"
cifar100,resnet18,instance,43,unsir,True,"{""impair_epochs"": 1, ""impair_lr"": 0.001, ""repair_epochs"": 3, ""repair_lr"": 0.001}"
cifar100,resnet18,instance,44,badteacher,True,"{""epochs"": 1, ""lr"": 0.0001, ""temperature"": 4.0}"
cifar100,resnet18,instance,44,finetune,True,"{""epochs"": 10, ""lr"": 0.0001}"
cifar100,resnet18,instance,44,lwu,True,"{""distill_epochs"": 10, ""distill_lr"": 0.001, ""dominance_margin"": 1.0, ""forget_quantile"": 0.99, ""instance_forget_priority"": false, ""memory_preset"": ""m01_s025_c08"", ""sdft_lambda"": 0.5, ""weight_align"": true}"
cifar100,resnet18,instance,44,salun,False,"{""epochs"": 10, ""lr"": 0.01, ""sparsity"": 0.7}"
cifar100,resnet18,instance,44,scrub,True,"{""epochs"": 5, ""lr"": 0.005, ""max_grad_norm"": 5.0, ""msteps"": 3}"
cifar100,resnet18,instance,44,ssd,True,"{""alpha"": 5.0, ""dampening_constant"": 0.1}"
cifar100,resnet18,instance,44,uniclun,False,"{""buffer_size"": 250, ""epochs"": 10, ""lr"": 0.01}"
cifar100,resnet18,instance,44,unsir,True,"{""impair_epochs"": 1, ""impair_lr"": 0.001, ""repair_epochs"": 1, ""repair_lr"": 0.01}"
cifar100,resnet18,subclass,42,badteacher,True,"{""epochs"": 10, ""lr"": 0.01, ""temperature"": 4.0}"
cifar100,resnet18,subclass,42,finetune,True,"{""epochs"": 1, ""lr"": 0.0001}"
cifar100,resnet18,subclass,42,lwu,True,"{""distill_epochs"": 10, ""distill_lr"": 0.001, ""dominance_margin"": 1.0, ""forget_quantile"": 0.99, ""instance_forget_priority"": false, ""memory_preset"": ""m01_s025_c08"", ""sdft_lambda"": 0.5, ""weight_align"": false}"
cifar100,resnet18,subclass,42,salun,False,"{""epochs"": 3, ""lr"": 0.0001, ""sparsity"": 0.9}"
cifar100,resnet18,subclass,42,scrub,True,"{""epochs"": 10, ""lr"": 0.005, ""max_grad_norm"": 5.0, ""msteps"": 2}"
cifar100,resnet18,subclass,42,ssd,True,"{""alpha"": 50.0, ""dampening_constant"": 1.0}"
cifar100,resnet18,subclass,42,uniclun,False,"{""buffer_size"": 250, ""epochs"": 5, ""lr"": 0.0001}"
cifar100,resnet18,subclass,42,unsir,True,"{""impair_epochs"": 2, ""impair_lr"": 0.001, ""repair_epochs"": 2, ""repair_lr"": 0.01}"
cifar100,resnet18,subclass,43,badteacher,True,"{""epochs"": 5, ""lr"": 0.01, ""temperature"": 4.0}"
cifar100,resnet18,subclass,43,finetune,True,"{""epochs"": 3, ""lr"": 0.0001}"
cifar100,resnet18,subclass,43,lwu,True,"{""distill_epochs"": 30, ""distill_lr"": 0.01, ""dominance_margin"": 3.0, ""forget_quantile"": 0.99, ""instance_forget_priority"": false, ""memory_preset"": ""m10_s100_c08"", ""sdft_lambda"": 0.5, ""weight_align"": false}"
cifar100,resnet18,subclass,43,salun,False,"{""epochs"": 3, ""lr"": 0.0001, ""sparsity"": 0.3}"
cifar100,resnet18,subclass,43,scrub,True,"{""epochs"": 10, ""lr"": 0.005, ""max_grad_norm"": 5.0, ""msteps"": 3}"
cifar100,resnet18,subclass,43,ssd,True,"{""alpha"": 5.0, ""dampening_constant"": 0.1}"
cifar100,resnet18,subclass,43,uniclun,False,"{""buffer_size"": 250, ""epochs"": 3, ""lr"": 0.0001}"
cifar100,resnet18,subclass,43,unsir,True,"{""impair_epochs"": 1, ""impair_lr"": 0.01, ""repair_epochs"": 1, ""repair_lr"": 0.01}"
cifar100,resnet18,subclass,44,badteacher,True,"{""epochs"": 10, ""lr"": 0.01, ""temperature"": 4.0}"
cifar100,resnet18,subclass,44,finetune,True,"{""epochs"": 10, ""lr"": 0.0001}"
cifar100,resnet18,subclass,44,lwu,True,"{""distill_epochs"": 10, ""distill_lr"": 0.001, ""dominance_margin"": 1.0, ""forget_quantile"": 0.99, ""instance_forget_priority"": false, ""memory_preset"": ""m01_s025_c08"", ""sdft_lambda"": 0.5, ""weight_align"": false}"
cifar100,resnet18,subclass,44,salun,False,"{""epochs"": 3, ""lr"": 0.0001, ""sparsity"": 0.1}"
cifar100,resnet18,subclass,44,scrub,True,"{""epochs"": 10, ""lr"": 0.001, ""max_grad_norm"": 5.0, ""msteps"": 3}"
cifar100,resnet18,subclass,44,ssd,True,"{""alpha"": 50.0, ""dampening_constant"": 5.0}"
cifar100,resnet18,subclass,44,uniclun,False,"{""buffer_size"": 250, ""epochs"": 3, ""lr"": 0.0001}"
cifar100,resnet18,subclass,44,unsir,True,"{""impair_epochs"": 1, ""impair_lr"": 0.001, ""repair_epochs"": 3, ""repair_lr"": 0.01}"
cifar20,cnn,class,42,amnesiac,,{}
cifar20,cnn,class,42,badteacher,True,"{""epochs"": 10, ""lr"": 0.01, ""temperature"": 4.0}"
cifar20,cnn,class,42,finetune,True,"{""epochs"": 10, ""lr"": 0.0001}"
cifar20,cnn,class,42,lwu,True,"{""distill_epochs"": 10, ""distill_lr"": 0.001, ""dominance_margin"": 3.0, ""forget_quantile"": 0.99, ""instance_forget_priority"": false, ""memory_preset"": ""m01_s025_c08"", ""sdft_lambda"": 0.5, ""weight_align"": false}"
cifar20,cnn,class,42,salun,False,"{""epochs"": 3, ""lr"": 0.0001, ""sparsity"": 0.9}"
cifar20,cnn,class,42,scrub,True,"{""epochs"": 5, ""lr"": 0.0001, ""max_grad_norm"": 5.0, ""msteps"": 3}"
cifar20,cnn,class,42,ssd,True,"{""alpha"": 50.0, ""dampening_constant"": 0.1}"
cifar20,cnn,class,42,uniclun,False,"{""buffer_size"": 250, ""epochs"": 5, ""lr"": 0.0001}"
cifar20,cnn,class,42,unsir,True,"{""impair_epochs"": 1, ""impair_lr"": 0.001, ""repair_epochs"": 3, ""repair_lr"": 0.01}"
cifar20,cnn,class,43,amnesiac,,{}
cifar20,cnn,class,43,badteacher,True,"{""epochs"": 3, ""lr"": 0.01, ""temperature"": 4.0}"
cifar20,cnn,class,43,finetune,True,"{""epochs"": 10, ""lr"": 0.0001}"
cifar20,cnn,class,43,lwu,True,"{""distill_epochs"": 10, ""distill_lr"": 0.001, ""dominance_margin"": 3.0, ""forget_quantile"": 0.99, ""instance_forget_priority"": false, ""memory_preset"": ""m10_s100_c08"", ""sdft_lambda"": 0.5, ""weight_align"": false}"
cifar20,cnn,class,43,salun,False,"{""epochs"": 5, ""lr"": 0.0001, ""sparsity"": 0.1}"
cifar20,cnn,class,43,scrub,True,"{""epochs"": 5, ""lr"": 0.0005, ""max_grad_norm"": 5.0, ""msteps"": 3}"
cifar20,cnn,class,43,ssd,True,"{""alpha"": 50.0, ""dampening_constant"": 0.1}"
cifar20,cnn,class,43,uniclun,False,"{""buffer_size"": 250, ""epochs"": 3, ""lr"": 0.0001}"
cifar20,cnn,class,43,unsir,True,"{""impair_epochs"": 1, ""impair_lr"": 0.01, ""repair_epochs"": 3, ""repair_lr"": 0.01}"
cifar20,cnn,class,44,amnesiac,,{}
cifar20,cnn,class,44,badteacher,True,"{""epochs"": 10, ""lr"": 0.01, ""temperature"": 2.0}"
cifar20,cnn,class,44,finetune,True,"{""epochs"": 10, ""lr"": 0.0001}"
cifar20,cnn,class,44,lwu,True,"{""distill_epochs"": 30, ""distill_lr"": 0.01, ""dominance_margin"": 3.0, ""forget_quantile"": 0.99, ""instance_forget_priority"": false, ""memory_preset"": ""m01_s025_c08"", ""sdft_lambda"": 0.5, ""weight_align"": true}"
cifar20,cnn,class,44,salun,False,"{""epochs"": 3, ""lr"": 0.0001, ""sparsity"": 0.9}"
cifar20,cnn,class,44,scrub,True,"{""epochs"": 5, ""lr"": 0.0001, ""max_grad_norm"": 5.0, ""msteps"": 3}"
cifar20,cnn,class,44,ssd,True,"{""alpha"": 10.0, ""dampening_constant"": 0.5}"
cifar20,cnn,class,44,uniclun,False,"{""buffer_size"": 250, ""epochs"": 3, ""lr"": 0.0001}"
cifar20,cnn,class,44,unsir,True,"{""impair_epochs"": 1, ""impair_lr"": 0.01, ""repair_epochs"": 3, ""repair_lr"": 0.01}"
cifar20,cnn,instance,42,badteacher,True,"{""epochs"": 10, ""lr"": 0.001, ""temperature"": 4.0}"
cifar20,cnn,instance,42,finetune,True,"{""epochs"": 10, ""lr"": 0.0001}"
cifar20,cnn,instance,42,lwu,True,"{""distill_epochs"": 10, ""distill_lr"": 0.001, ""dominance_margin"": 3.0, ""forget_quantile"": 0.9, ""instance_forget_priority"": false, ""memory_preset"": ""m10_s100_c08"", ""sdft_lambda"": 0.5, ""weight_align"": false}"
cifar20,cnn,instance,42,salun,False,"{""epochs"": 10, ""lr"": 0.01, ""sparsity"": 0.5}"
cifar20,cnn,instance,42,scrub,True,"{""epochs"": 5, ""lr"": 0.001, ""max_grad_norm"": 5.0, ""msteps"": 3}"
cifar20,cnn,instance,42,ssd,True,"{""alpha"": 10.0, ""dampening_constant"": 0.1}"
cifar20,cnn,instance,42,uniclun,False,"{""buffer_size"": 250, ""epochs"": 10, ""lr"": 0.01}"
cifar20,cnn,instance,42,unsir,True,"{""impair_epochs"": 1, ""impair_lr"": 0.01, ""repair_epochs"": 3, ""repair_lr"": 0.01}"
cifar20,cnn,instance,43,badteacher,True,"{""epochs"": 5, ""lr"": 0.001, ""temperature"": 4.0}"
cifar20,cnn,instance,43,finetune,True,"{""epochs"": 10, ""lr"": 0.0001}"
cifar20,cnn,instance,43,lwu,True,"{""distill_epochs"": 10, ""distill_lr"": 0.01, ""dominance_margin"": 3.0, ""forget_quantile"": 0.9, ""instance_forget_priority"": false, ""memory_preset"": ""m10_s100_c08"", ""sdft_lambda"": 0.5, ""weight_align"": true}"
cifar20,cnn,instance,43,salun,False,"{""epochs"": 10, ""lr"": 0.01, ""sparsity"": 0.7}"
cifar20,cnn,instance,43,scrub,True,"{""epochs"": 10, ""lr"": 0.005, ""max_grad_norm"": 5.0, ""msteps"": 2}"
cifar20,cnn,instance,43,ssd,True,"{""alpha"": 5.0, ""dampening_constant"": 0.1}"
cifar20,cnn,instance,43,uniclun,False,"{""buffer_size"": 250, ""epochs"": 10, ""lr"": 0.01}"
cifar20,cnn,instance,43,unsir,True,"{""impair_epochs"": 2, ""impair_lr"": 0.01, ""repair_epochs"": 2, ""repair_lr"": 0.01}"
cifar20,cnn,instance,44,badteacher,True,"{""epochs"": 1, ""lr"": 0.0001, ""temperature"": 4.0}"
cifar20,cnn,instance,44,finetune,True,"{""epochs"": 10, ""lr"": 0.0001}"
cifar20,cnn,instance,44,lwu,True,"{""distill_epochs"": 30, ""distill_lr"": 0.001, ""dominance_margin"": 3.0, ""forget_quantile"": 0.9, ""instance_forget_priority"": false, ""memory_preset"": ""m10_s100_c08"", ""sdft_lambda"": 0.5, ""weight_align"": false}"
cifar20,cnn,instance,44,salun,False,"{""epochs"": 10, ""lr"": 0.01, ""sparsity"": 0.7}"
cifar20,cnn,instance,44,scrub,True,"{""epochs"": 5, ""lr"": 0.005, ""max_grad_norm"": 5.0, ""msteps"": 1}"
cifar20,cnn,instance,44,ssd,True,"{""alpha"": 5.0, ""dampening_constant"": 0.5}"
cifar20,cnn,instance,44,uniclun,False,"{""buffer_size"": 250, ""epochs"": 10, ""lr"": 0.01}"
cifar20,cnn,instance,44,unsir,True,"{""impair_epochs"": 2, ""impair_lr"": 0.01, ""repair_epochs"": 2, ""repair_lr"": 0.01}"
cifar20,cnn,subclass,42,badteacher,True,"{""epochs"": 3, ""lr"": 0.01, ""temperature"": 4.0}"
cifar20,cnn,subclass,42,finetune,True,"{""epochs"": 10, ""lr"": 0.0001}"
cifar20,cnn,subclass,42,lwu,True,"{""distill_epochs"": 30, ""distill_lr"": 0.001, ""dominance_margin"": 1.0, ""forget_quantile"": 0.99, ""instance_forget_priority"": false, ""memory_preset"": ""m01_s025_c08"", ""sdft_lambda"": 0.5, ""weight_align"": false}"
cifar20,cnn,subclass,42,salun,False,"{""epochs"": 5, ""lr"": 0.0001, ""sparsity"": 0.1}"
cifar20,cnn,subclass,42,scrub,True,"{""epochs"": 10, ""lr"": 0.005, ""max_grad_norm"": 5.0, ""msteps"": 2}"
cifar20,cnn,subclass,42,ssd,True,"{""alpha"": 1.0, ""dampening_constant"": 1.0}"
cifar20,cnn,subclass,42,uniclun,False,"{""buffer_size"": 250, ""epochs"": 10, ""lr"": 0.01}"
cifar20,cnn,subclass,42,unsir,True,"{""impair_epochs"": 2, ""impair_lr"": 0.01, ""repair_epochs"": 1, ""repair_lr"": 0.01}"
cifar20,cnn,subclass,43,badteacher,False,"{""epochs"": 10, ""lr"": 0.01, ""temperature"": 4.0}"
cifar20,cnn,subclass,43,finetune,True,"{""epochs"": 5, ""lr"": 0.0001}"
cifar20,cnn,subclass,43,lwu,True,"{""distill_epochs"": 10, ""distill_lr"": 0.001, ""dominance_margin"": 3.0, ""forget_quantile"": 0.99, ""instance_forget_priority"": false, ""memory_preset"": ""m10_s100_c08"", ""sdft_lambda"": 0.5, ""weight_align"": true}"
cifar20,cnn,subclass,43,salun,False,"{""epochs"": 3, ""lr"": 0.0001, ""sparsity"": 0.1}"
cifar20,cnn,subclass,43,scrub,True,"{""epochs"": 5, ""lr"": 0.0001, ""max_grad_norm"": 5.0, ""msteps"": 1}"
cifar20,cnn,subclass,43,ssd,True,"{""alpha"": 1.0, ""dampening_constant"": 10.0}"
cifar20,cnn,subclass,43,uniclun,False,"{""buffer_size"": 250, ""epochs"": 10, ""lr"": 0.001}"
cifar20,cnn,subclass,43,unsir,True,"{""impair_epochs"": 1, ""impair_lr"": 0.001, ""repair_epochs"": 3, ""repair_lr"": 0.001}"
cifar20,cnn,subclass,44,badteacher,True,"{""epochs"": 3, ""lr"": 0.01, ""temperature"": 4.0}"
cifar20,cnn,subclass,44,finetune,True,"{""epochs"": 3, ""lr"": 0.0001}"
cifar20,cnn,subclass,44,lwu,True,"{""distill_epochs"": 10, ""distill_lr"": 0.001, ""dominance_margin"": 3.0, ""forget_quantile"": 0.99, ""instance_forget_priority"": false, ""memory_preset"": ""m01_s025_c08"", ""sdft_lambda"": 0.5, ""weight_align"": true}"
cifar20,cnn,subclass,44,salun,False,"{""epochs"": 3, ""lr"": 0.0001, ""sparsity"": 0.1}"
cifar20,cnn,subclass,44,scrub,True,"{""epochs"": 10, ""lr"": 0.0005, ""max_grad_norm"": 5.0, ""msteps"": 3}"
cifar20,cnn,subclass,44,ssd,True,"{""alpha"": 5.0, ""dampening_constant"": 0.5}"
cifar20,cnn,subclass,44,uniclun,False,"{""buffer_size"": 250, ""epochs"": 3, ""lr"": 0.0001}"
cifar20,cnn,subclass,44,unsir,True,"{""impair_epochs"": 2, ""impair_lr"": 0.001, ""repair_epochs"": 1, ""repair_lr"": 0.01}"
cifar20,resnet18,class,42,amnesiac,,{}
cifar20,resnet18,class,42,badteacher,True,"{""epochs"": 10, ""lr"": 0.01, ""temperature"": 4.0}"
cifar20,resnet18,class,42,finetune,True,"{""epochs"": 10, ""lr"": 0.0001}"
cifar20,resnet18,class,42,lwu,True,"{""distill_epochs"": 30, ""distill_lr"": 0.01, ""dominance_margin"": 3.0, ""forget_quantile"": 0.99, ""instance_forget_priority"": false, ""memory_preset"": ""m01_s025_c08"", ""sdft_lambda"": 0.5, ""weight_align"": false}"
cifar20,resnet18,class,42,salun,False,"{""epochs"": 3, ""lr"": 0.0001, ""sparsity"": 0.1}"
cifar20,resnet18,class,42,scrub,True,"{""epochs"": 5, ""lr"": 0.001, ""max_grad_norm"": 5.0, ""msteps"": 3}"
cifar20,resnet18,class,42,ssd,True,"{""alpha"": 10.0, ""dampening_constant"": 0.1}"
cifar20,resnet18,class,42,uniclun,True,"{""buffer_size"": 250, ""epochs"": 3, ""lr"": 0.0001}"
cifar20,resnet18,class,42,unsir,True,"{""impair_epochs"": 1, ""impair_lr"": 0.001, ""repair_epochs"": 3, ""repair_lr"": 0.01}"
cifar20,resnet18,class,43,amnesiac,,{}
cifar20,resnet18,class,43,badteacher,True,"{""epochs"": 10, ""lr"": 0.01, ""temperature"": 4.0}"
cifar20,resnet18,class,43,finetune,True,"{""epochs"": 10, ""lr"": 0.0001}"
cifar20,resnet18,class,43,lwu,True,"{""distill_epochs"": 30, ""distill_lr"": 0.01, ""dominance_margin"": 3.0, ""forget_quantile"": 0.99, ""instance_forget_priority"": false, ""memory_preset"": ""m01_s025_c08"", ""sdft_lambda"": 0.5, ""weight_align"": false}"
cifar20,resnet18,class,43,salun,False,"{""epochs"": 3, ""lr"": 0.0001, ""sparsity"": 0.7}"
cifar20,resnet18,class,43,scrub,True,"{""epochs"": 5, ""lr"": 0.001, ""max_grad_norm"": 5.0, ""msteps"": 3}"
cifar20,resnet18,class,43,ssd,True,"{""alpha"": 100.0, ""dampening_constant"": 0.1}"
cifar20,resnet18,class,43,uniclun,False,"{""buffer_size"": 250, ""epochs"": 3, ""lr"": 0.0001}"
cifar20,resnet18,class,43,unsir,True,"{""impair_epochs"": 2, ""impair_lr"": 0.001, ""repair_epochs"": 3, ""repair_lr"": 0.01}"
cifar20,resnet18,class,44,amnesiac,,{}
cifar20,resnet18,class,44,badteacher,True,"{""epochs"": 10, ""lr"": 0.01, ""temperature"": 4.0}"
cifar20,resnet18,class,44,finetune,True,"{""epochs"": 10, ""lr"": 0.0001}"
cifar20,resnet18,class,44,lwu,True,"{""distill_epochs"": 30, ""distill_lr"": 0.001, ""dominance_margin"": 3.0, ""forget_quantile"": 0.99, ""instance_forget_priority"": false, ""memory_preset"": ""m01_s025_c08"", ""sdft_lambda"": 0.5, ""weight_align"": false}"
cifar20,resnet18,class,44,salun,False,"{""epochs"": 3, ""lr"": 0.0001, ""sparsity"": 0.5}"
cifar20,resnet18,class,44,scrub,True,"{""epochs"": 5, ""lr"": 0.001, ""max_grad_norm"": 5.0, ""msteps"": 3}"
cifar20,resnet18,class,44,ssd,True,"{""alpha"": 1.0, ""dampening_constant"": 10.0}"
cifar20,resnet18,class,44,uniclun,False,"{""buffer_size"": 250, ""epochs"": 3, ""lr"": 0.0001}"
cifar20,resnet18,class,44,unsir,True,"{""impair_epochs"": 2, ""impair_lr"": 0.01, ""repair_epochs"": 3, ""repair_lr"": 0.01}"
cifar20,resnet18,instance,42,badteacher,True,"{""epochs"": 1, ""lr"": 0.0001, ""temperature"": 4.0}"
cifar20,resnet18,instance,42,finetune,True,"{""epochs"": 10, ""lr"": 0.0001}"
cifar20,resnet18,instance,42,lwu,True,"{""distill_epochs"": 10, ""distill_lr"": 0.001, ""dominance_margin"": 1.0, ""forget_quantile"": 0.99, ""instance_forget_priority"": false, ""memory_preset"": ""m01_s025_c08"", ""sdft_lambda"": 0.5, ""weight_align"": false}"
cifar20,resnet18,instance,42,salun,False,"{""epochs"": 10, ""lr"": 0.01, ""sparsity"": 0.3}"
cifar20,resnet18,instance,42,scrub,True,"{""epochs"": 5, ""lr"": 0.005, ""max_grad_norm"": 5.0, ""msteps"": 3}"
cifar20,resnet18,instance,42,ssd,True,"{""alpha"": 1.0, ""dampening_constant"": 10.0}"
cifar20,resnet18,instance,42,uniclun,False,"{""buffer_size"": 250, ""epochs"": 10, ""lr"": 0.01}"
cifar20,resnet18,instance,42,unsir,True,"{""impair_epochs"": 2, ""impair_lr"": 0.01, ""repair_epochs"": 1, ""repair_lr"": 0.01}"
cifar20,resnet18,instance,43,badteacher,True,"{""epochs"": 1, ""lr"": 0.0001, ""temperature"": 2.0}"
cifar20,resnet18,instance,43,finetune,True,"{""epochs"": 5, ""lr"": 0.0001}"
cifar20,resnet18,instance,43,lwu,True,"{""distill_epochs"": 30, ""distill_lr"": 0.001, ""dominance_margin"": 1.0, ""forget_quantile"": 0.99, ""instance_forget_priority"": false, ""memory_preset"": ""m01_s025_c08"", ""sdft_lambda"": 0.5, ""weight_align"": false}"
cifar20,resnet18,instance,43,salun,False,"{""epochs"": 10, ""lr"": 0.01, ""sparsity"": 0.3}"
cifar20,resnet18,instance,43,scrub,True,"{""epochs"": 5, ""lr"": 0.005, ""max_grad_norm"": 5.0, ""msteps"": 2}"
cifar20,resnet18,instance,43,ssd,True,"{""alpha"": 5.0, ""dampening_constant"": 0.1}"
cifar20,resnet18,instance,43,uniclun,False,"{""buffer_size"": 250, ""epochs"": 10, ""lr"": 0.01}"
cifar20,resnet18,instance,43,unsir,True,"{""impair_epochs"": 1, ""impair_lr"": 0.01, ""repair_epochs"": 3, ""repair_lr"": 0.01}"
cifar20,resnet18,instance,44,badteacher,True,"{""epochs"": 3, ""lr"": 0.0001, ""temperature"": 1.0}"
cifar20,resnet18,instance,44,finetune,True,"{""epochs"": 10, ""lr"": 0.0001}"
cifar20,resnet18,instance,44,lwu,True,"{""distill_epochs"": 10, ""distill_lr"": 0.001, ""dominance_margin"": 1.0, ""forget_quantile"": 0.99, ""instance_forget_priority"": false, ""memory_preset"": ""m01_s025_c08"", ""sdft_lambda"": 0.5, ""weight_align"": false}"
cifar20,resnet18,instance,44,salun,False,"{""epochs"": 10, ""lr"": 0.01, ""sparsity"": 0.9}"
cifar20,resnet18,instance,44,scrub,True,"{""epochs"": 5, ""lr"": 0.005, ""max_grad_norm"": 5.0, ""msteps"": 3}"
cifar20,resnet18,instance,44,ssd,True,"{""alpha"": 5.0, ""dampening_constant"": 0.1}"
cifar20,resnet18,instance,44,uniclun,False,"{""buffer_size"": 250, ""epochs"": 10, ""lr"": 0.01}"
cifar20,resnet18,instance,44,unsir,True,"{""impair_epochs"": 2, ""impair_lr"": 0.001, ""repair_epochs"": 3, ""repair_lr"": 0.01}"
cifar20,resnet18,subclass,42,badteacher,False,"{""epochs"": 5, ""lr"": 0.01, ""temperature"": 4.0}"
cifar20,resnet18,subclass,42,finetune,True,"{""epochs"": 3, ""lr"": 0.0001}"
cifar20,resnet18,subclass,42,lwu,True,"{""distill_epochs"": 30, ""distill_lr"": 0.001, ""dominance_margin"": 3.0, ""forget_quantile"": 0.99, ""instance_forget_priority"": false, ""memory_preset"": ""m10_s100_c08"", ""sdft_lambda"": 0.5, ""weight_align"": false}"
cifar20,resnet18,subclass,42,salun,False,"{""epochs"": 3, ""lr"": 0.0001, ""sparsity"": 0.3}"
cifar20,resnet18,subclass,42,scrub,True,"{""epochs"": 5, ""lr"": 0.005, ""max_grad_norm"": 5.0, ""msteps"": 3}"
cifar20,resnet18,subclass,42,ssd,True,"{""alpha"": 1.0, ""dampening_constant"": 5.0}"
cifar20,resnet18,subclass,42,uniclun,False,"{""buffer_size"": 250, ""epochs"": 3, ""lr"": 0.0001}"
cifar20,resnet18,subclass,42,unsir,False,"{""impair_epochs"": 2, ""impair_lr"": 0.001, ""repair_epochs"": 3, ""repair_lr"": 0.01}"
cifar20,resnet18,subclass,43,badteacher,False,"{""epochs"": 10, ""lr"": 0.01, ""temperature"": 4.0}"
cifar20,resnet18,subclass,43,finetune,True,"{""epochs"": 1, ""lr"": 0.0001}"
cifar20,resnet18,subclass,43,lwu,True,"{""distill_epochs"": 10, ""distill_lr"": 0.001, ""dominance_margin"": 1.0, ""forget_quantile"": 0.99, ""instance_forget_priority"": false, ""memory_preset"": ""m10_s100_c08"", ""sdft_lambda"": 0.5, ""weight_align"": false}"
cifar20,resnet18,subclass,43,salun,False,"{""epochs"": 3, ""lr"": 0.0001, ""sparsity"": 0.1}"
cifar20,resnet18,subclass,43,scrub,True,"{""epochs"": 5, ""lr"": 0.0005, ""max_grad_norm"": 5.0, ""msteps"": 3}"
cifar20,resnet18,subclass,43,ssd,True,"{""alpha"": 1.0, ""dampening_constant"": 1.0}"
cifar20,resnet18,subclass,43,uniclun,False,"{""buffer_size"": 250, ""epochs"": 3, ""lr"": 0.0001}"
cifar20,resnet18,subclass,43,unsir,True,"{""impair_epochs"": 2, ""impair_lr"": 0.001, ""repair_epochs"": 2, ""repair_lr"": 0.01}"
cifar20,resnet18,subclass,44,badteacher,False,"{""epochs"": 10, ""lr"": 0.01, ""temperature"": 4.0}"
cifar20,resnet18,subclass,44,finetune,True,"{""epochs"": 5, ""lr"": 0.0001}"
cifar20,resnet18,subclass,44,lwu,True,"{""distill_epochs"": 30, ""distill_lr"": 0.001, ""dominance_margin"": 1.0, ""forget_quantile"": 0.99, ""instance_forget_priority"": false, ""memory_preset"": ""m01_s025_c08"", ""sdft_lambda"": 0.5, ""weight_align"": false}"
cifar20,resnet18,subclass,44,salun,False,"{""epochs"": 3, ""lr"": 0.0001, ""sparsity"": 0.3}"
cifar20,resnet18,subclass,44,scrub,True,"{""epochs"": 10, ""lr"": 0.0001, ""max_grad_norm"": 5.0, ""msteps"": 2}"
cifar20,resnet18,subclass,44,ssd,True,"{""alpha"": 1.0, ""dampening_constant"": 0.1}"
cifar20,resnet18,subclass,44,uniclun,False,"{""buffer_size"": 250, ""epochs"": 3, ""lr"": 0.0001}"
cifar20,resnet18,subclass,44,unsir,True,"{""impair_epochs"": 2, ""impair_lr"": 0.01, ""repair_epochs"": 2, ""repair_lr"": 0.01}"
